name,blk1,blk2,blk3
net1,p1,sb20
net2,p2,sb7
net3,p3,sb28
net4,p4,sb29
net5,p5,sb21
net6,p6,sb7
net7,p7,sb20
net8,p8,sb2
net9,p9,sb23
net10,p10,sb22
net11,p11,sb20
net12,p12,sb19
net13,p13,sb14
net14,p14,sb15
net15,p15,sb23
net16,p16,sb5
net17,p17,sb28
net18,p18,sb0
net19,p19,sb19
net20,p20,sb8
net21,p21,sb8
net22,p22,sb15
net23,p23,sb4
net24,p24,sb26
net25,p25,sb12
net26,p26,sb4
net27,p27,sb19
net28,p28,sb17
net29,p29,sb17
net30,p30,sb9
net31,p31,sb8
net32,p32,sb7
net33,p33,sb7
net34,p34,sb0
net35,p35,sb13
net36,p36,sb12
net37,p37,sb17
net38,p38,sb28
net39,p39,sb15
net40,p40,sb20
net41,p41,sb19
net42,p42,sb10
net43,p43,sb23
net44,p44,sb13
net45,p45,sb20
net46,p46,sb20
net47,p47,sb19
net48,p48,sb25
net49,p49,sb22
net50,p50,sb19
net51,p51,sb8
net52,p52,sb8
net53,p53,sb0
net54,p54,sb26
net55,p55,sb17
net56,p56,sb28
net57,p57,sb28
net58,p58,sb7
net59,p59,sb20
net60,p60,sb26
net61,p61,sb17
net62,p62,sb19
net63,p63,sb0
net64,p64,sb20
net65,p65,sb26
net66,p66,sb12
net67,p67,sb19
net68,p68,sb11
net69,p69,sb15
net70,p70,sb28
net71,p71,sb5
net72,p72,sb13
net73,p73,sb28
net74,p74,sb7
net75,p75,sb20
net76,p76,sb4
net77,p77,sb0
net78,p78,sb20
net79,p79,sb15
net80,p80,sb20
net81,p81,sb12
net82,p82,sb19
net83,p83,sb19
net84,p84,sb9
net85,p85,sb28
net86,p86,sb2
net87,p87,sb19
net88,p88,sb11
net89,p89,sb12
net90,p90,sb11
net91,p91,sb28
net92,p92,sb9
net93,p93,sb4
net94,p94,sb19
net95,p95,sb14
net96,p96,sb7
net97,p97,sb19
net98,p98,sb27
net99,p99,sb21
net100,p100,sb5
net101,p101,sb19
net102,p102,sb23
net103,p103,sb13
net104,p104,sb9
net105,p105,sb15
net106,p106,sb0
net107,p107,sb17
net108,p108,sb12
net109,p109,sb26
net110,p110,sb8
net111,p111,sb9
net112,p112,sb10
net113,p113,sb20
net114,p114,sb7
net115,p115,sb7
net116,p116,sb14
net117,p117,sb20
net118,p118,sb2
net119,p119,sb23
net120,p120,sb13
net121,p121,sb20
net122,p122,sb7
net123,p123,sb14
net124,p124,sb20
net125,p125,sb20
net126,p126,sb23
net127,p127,sb22
net128,p128,sb7
net129,p129,sb20
net130,p130,sb4
net131,p131,sb15
net132,p132,sb11
net133,p133,sb20
net134,p134,sb29
net135,p135,sb0
net136,p136,sb23
net137,p137,sb5
net138,p138,sb12
net139,p139,sb0
net140,sb28,p140
net141,sb9,p141,sb21
net142,sb3,p142
net143,sb28,p143
net144,sb18,p144
net145,sb21,p145
net146,sb18,p146
net147,sb3,p147
net148,sb3,p148
net149,sb21,p149
net150,sb4,p150
net151,sb17,p151,sb27
net152,sb2,p152
net153,sb28,p153
net154,sb18,p154
net155,sb1,p155
net156,sb17,p156
net157,sb14,p157
net158,sb17,p158
net159,sb14,p159
net160,sb0,p160
net161,sb9,p161
net162,sb14,p162
net163,sb28,p163,sb25
net164,sb0,p164
net165,sb14,p165
net166,sb29,p166
net167,sb23,p167
net168,sb3,p168
net169,sb3,p169
net170,sb3,p170
net171,sb23,p171
net172,sb9,p172,sb23
net173,sb25,p173
net174,sb11,p174
net175,sb2,p175
net176,sb17,p176
net177,sb23,p177
net178,sb10,p178
net179,sb27,p179,sb22
net180,sb10,p180
net181,sb4,p181
net182,sb4,p182
net183,sb26,p183
net184,sb22,p184
net185,sb22,p185
net186,sb3,p186
net187,sb19,p187
net188,sb22,p188
net189,sb14,p189,sb1
net190,sb1,p190
net191,sb28,p191
net192,sb3,p192,sb18
net193,sb17,p193
net194,sb5,p194,sb2
net195,sb29,p195
net196,sb14,p196
net197,sb9,p197
net198,sb0,p198,sb4
net199,sb8,p199
net200,sb0,p200
net201,sb22,p201
net202,sb8,p202
net203,sb14,p203
net204,sb2,p204
net205,sb27,p205
net206,sb9,p206
net207,sb3,p207
net208,sb14,p208
net209,sb17,p209
net210,sb0,p210
net211,sb4,p211
net212,sb0,p212,sb21
net213,sb22,sb3
net214,sb8,sb18
net215,sb16,sb10
net216,sb12,sb29,sb16
net217,sb8,sb3
net218,sb16,sb0
net219,sb11,sb6
net220,sb6,sb5
net221,sb15,sb16
net222,sb6,sb25
net223,sb9,sb3
net224,sb16,sb28
net225,sb24,sb26
net226,sb23,sb3
net227,sb25,sb18
net228,sb17,sb6
net229,sb14,sb3
net230,sb0,sb6
net231,sb18,sb1
net232,sb16,sb18,sb26
net233,sb15,sb24
net234,sb16,sb26
net235,sb21,sb3
net236,sb16,sb4
net237,sb6,sb9
net238,sb20,sb16
net239,sb6,sb18,sb5
net240,sb16,sb13
net241,sb12,sb16
net242,sb20,sb24
net243,sb17,sb3
net244,sb22,sb3
net245,sb15,sb24
net246,sb17,sb6
net247,sb7,sb16
net248,sb25,sb3
net249,sb23,sb3
net250,sb7,sb24
net251,sb16,sb13
net252,sb25,sb18
net253,sb17,sb6
net254,sb2,sb18
net255,sb23,sb3
net256,sb16,sb24,sb26
net257,sb20,sb24
net258,sb6,sb5
net259,sb26,sb10,sb6
net260,sb24,sb4
net261,sb26,sb14,sb6
net262,sb13,sb24
net263,sb12,sb16
net264,sb24,sb28
net265,sb19,sb7,sb16
net266,sb23,sb3
net267,sb20,sb16
net268,sb8,sb18
net269,sb21,sb3
net270,sb18,sb1
net271,sb7,sb24
net272,sb0,sb6
net273,sb12,sb16
net274,sb22,sb3
net275,sb25,sb3
net276,sb24,sb8
net277,sb12,sb16
net278,sb19,sb16
net279,sb16,sb11
net280,sb28,sb6
net281,sb24,sb17
net282,sb24,sb22
net283,sb19,sb15
net284,sb9,sb22
net285,sb7,sb17
net286,sb11,sb9,sb17
net287,sb15,sb17,sb7
net288,sb8,sb22
net289,sb17,sb8
net290,sb12,sb17
net291,sb21,sb27
net292,sb10,sb27
net293,sb15,sb4
net294,sb22,sb23
net295,sb9,sb22
net296,sb8,sb22
net297,sb9,sb22
net298,sb19,sb12
net299,sb5,sb10
net300,sb19,sb0
net301,sb7,sb9
net302,sb20,sb4
net303,sb20,sb25
net304,sb20,sb12
net305,sb20,sb12
net306,sb13,sb2,sb26
net307,sb13,sb21
net308,sb20,sb25
net309,sb2,sb14
net310,sb7,sb8
net311,sb19,sb20,sb11
net312,sb2,sb14
net313,sb5,sb14
net314,sb19,sb0
net315,sb5,sb21
net316,sb0,sb2
net317,sb13,sb26
net318,sb10,sb2
net319,sb20,sb26
net320,sb20,sb23
net321,sb19,sb14
net322,sb2,sb8
net323,sb20,sb13,sb14
net324,sb20,sb0
net325,sb20,sb8
net326,sb20,sb12
net327,sb4,sb5
net328,sb19,sb12
net329,sb7,sb12
net330,sb7,sb11
net331,sb19,sb9
net332,sb26,sb2
net333,sb10,sb9
net334,sb28,sb0
net335,sb14,sb21
net336,sb8,sb25,sb9
net337,sb9,sb29
net338,sb0,sb1
net339,sb25,sb9
net340,sb14,sb9
net341,sb29,sb21
net342,sb11,sb28
net343,sb26,sb0
net344,sb12,sb26,sb9
net345,sb0,sb14
net346,sb28,sb9
net347,sb26,sb4
net348,sb26,sb4
net349,sb26,sb28,sb11
